Number,,,,,
#,MS,Pokémon,Favored spot,Disfavored spot,Notes
0001,Bulbasaur,Bulbasaur,Tip of the bulb,Forehead,
0002,Ivysaur,Ivysaur,Ears,Top of flower bud,
0003,Venusaur,Venusaur,Flower,Leaves,
0004,Charmander,Charmander,Top of head,Nostrils,Burning effect: tip of tail
0005,Charmeleon,Charmeleon,Chest,Head horn,Burning effect: tip of tail
0006,Charizard,Charizard,Neck/upper chest,Head horns,Burning effect: tip of tail
0007,Squirtle,Squirtle,Top of head,Nostrils,
0008,Wartortle,Wartortle,White ears,Upper arms/shoulders,
0009,Blastoise,Blastoise,Top of head,Brown part of shell,
0010,Caterpie,Caterpie,Antennae,Mouth,
0011,Metapod,Metapod,Horn/top of its head,Around nose,
0012,Butterfree,Butterfree,Antennae,Nose/mouth,
0013,Weedle,Weedle,Nose,Horn,
0014,Kakuna,Kakuna,Top/center of head,Belly,
0015,Beedrill,Beedrill,Between antennae,Foreleg stingers,
0016,Pidgey,Pidgey,Throat,Abdomen,
0017,Pidgeotto,Pidgeotto,Upper chest,Lower abdomen,
0018,Pidgeot,Pidgeot,Throat,Lower abdomen,
0019,Rattata,Rattata,Forehead,Teeth,
0019,Rattata,Rattata (Alola),Stomach,Nose,
Alolan Form,,,,,
0020,Raticate,Raticate,Stomach,Teeth,
0020,Raticate,Raticate,,,
Alolan Form,Upper cheeks and whiskers,Stomach,,,
0021,Spearow,Spearow,Chest,Beak,
0022,Fearow,Fearow,Red head crest,End of beak,
0023,Ekans,Ekans,Rattle,Top of head,
0024,Arbok,Arbok,Hood markings*,Top of head,
0025,Pikachu,Pikachu,Under chin,Stomach,Paralyzing effect: cheeks
0025,Pikachu,Pikachu,,,
Cosplay Pikachu,Under chin,Stomach,Paralyzing effect: cheeks,,
0025,Pikachu,Pikachu,,,
Pikachu Rock Star,Top of head,Ears,Paralyzing effect: cheeks,,
0025,Pikachu,Pikachu,,,
Pikachu Belle,Top of head,Hat decorations,Paralyzing effect: cheeks,,
0025,Pikachu,Pikachu,,,
Pikachu Pop Star,Top of head,Ribbon on ear,Paralyzing effect: cheeks,,
0025,Pikachu,Pikachu,,,
"Pikachu, Ph. D",Hat,Ears,Paralyzing effect: cheeks,,
0025,Pikachu,Pikachu,,,
Pikachu Libre,Top of head,Ears,Paralyzing effect: cheeks,,
0025,Pikachu,Pikachu,,,
Original Cap,Under chin,Stomach,Paralyzing effect: cheeks,,
0025,Pikachu,Pikachu,,,
Hoenn Cap,Under chin,Stomach,Paralyzing effect: cheeks,,
0025,Pikachu,Pikachu,,,
Sinnoh Cap,Under chin,Stomach,Paralyzing effect: cheeks,,
0025,Pikachu,Pikachu,,,
Unova Cap,Under chin,Stomach,Paralyzing effect: cheeks,,
0025,Pikachu,Pikachu,,,
Kalos Cap,Under chin,Stomach,Paralyzing effect: cheeks,,
0025,Pikachu,Pikachu,,,
Alola Cap,Under chin,Stomach,Paralyzing effect: cheeks,,
0025,Pikachu,Pikachu,,,
Partner Cap,Under chin,Stomach,Paralyzing effect: cheeks,,
0026,Raichu,Raichu,Under chin,Stomach,Paralyzing effect: cheeks
0026,Raichu,Raichu,,,
Alolan Form,Under chin,Belly,Paralyzing effect: cheeks,,
0027,Sandshrew,Sandshrew,Ears,Arms,
0027,Sandshrew,Sandshrew,,,
Alolan Form,Belly,Between eyes,Freezing effect: rear half of head and body,,
0028,Sandslash,Sandslash,Ears and horn,Claws,
0028,Sandslash,Sandslash,,,
Alolan Form,Base of head spike,Belly,Freezing effect: tips of ice spikes,,
0029,Nidoran♀,Nidoran♀,Ears,Horn,
0030,Nidorina,Nidorina,Ears,Center of head,
0031,Nidoqueen,Nidoqueen,Ears,Horn,
0032,Nidoran♂,Nidoran♂,Ears,Mouth/nose,
0033,Nidorino,Nidorino,Ears,Horn,
0034,Nidoking,Nidoking,Ears,Horn,
0035,Clefairy,Clefairy,Head curls,Fingers,
0036,Clefable,Clefable,Head curls,Chest,
0037,Vulpix,Vulpix,Head hair,Ends of tails,
0037,Vulpix,Vulpix,,,
Alolan Form,Head hair,Ears,,,
0038,Ninetales,Ninetales,Head hair,Ends of tails,
0038,Ninetales,Ninetales,,,
Alolan Form,Neck,Head hair,,,
0039,Jigglypuff,Jigglypuff,Hair puff,Ears,
0040,Wigglytuff,Wigglytuff,Hair puff,Chest,
0041,Zubat,Zubat,Left ear,Right ear,
0042,Golbat,Golbat,Top of head,Inside of mouth,
0043,Oddish,Oddish,Middle leaf,Feet,
0044,Gloom,Gloom,White spot on front petal,Feet,Slimy effect: drool
0045,Vileplume,Vileplume,Flower petals,Feet,
0046,Paras,Paras,Mushrooms,Front claws,
0047,Parasect,Parasect,Top of mushroom,Front claws,
0048,Venonat,Venonat,Out from its hands,Antennae,
0049,Venomoth,Venomoth,Head horns,Small parts of its thorax,
0050,Diglett,Diglett,Right cheek,Nose,
0050,Diglett,Diglett,,,
Alolan Form,Hair,Nose,,,
0051,Dugtrio,Dugtrio,Right cheek of left head,Noses,
0051,Dugtrio,Dugtrio,,,
Alolan Form,Top of heads,Noses,,,
0052,Meowth,Meowth,Gold charm,Inside of ears,
0052,Meowth,Meowth,,,
Alolan Form,Under chin,Gold charm,,,
0053,Persian,Persian,Whiskers,Gem,
0053,Persian,Persian,,,
Alolan Form,Under chin,Ears,,,
0054,Psyduck,Psyduck,Chest,Head hairs,
0055,Golduck,Golduck,Red gem,Hands,
0056,Mankey,Mankey,Forehead (over nose),"Tail, hands",
0057,Primeape,Primeape,Forehead (over nose),Hands,
0058,Growlithe,Growlithe,Chest and throat,Nose,
0059,Arcanine,Arcanine,Chest,Nose,
0060,Poliwag,Poliwag,Top of head,Stomach swirls,
0061,Poliwhirl,Poliwhirl,Between eyes,Stomach swirls,
0062,Poliwrath,Poliwrath,Between eyes,Stomach swirls,
0063,Abra,Abra,Ears,Feet,
0064,Kadabra,Kadabra,Ears,Spoon,
0065,Alakazam,Alakazam,Left hand and spoon,Right hand and spoon,
0066,Machop,Machop,Head fins,Hands,
0067,Machoke,Machoke,Head fins,Hands,
0068,Machamp,Machamp,Head fins,Hands,
0069,Bellsprout,Bellsprout,Tips of leaves,Ends of roots,
0070,Weepinbell,Weepinbell,Mouth,Tips of leaves,
0071,Victreebel,Victreebel,Mouth and top leaf,"End of ""tail""",
0072,Tentacool,Tentacool,Small red gem,Large red gems,
0073,Tentacruel,Tentacruel,Small red gem,Large red gems,
0074,Geodude,Geodude,Eyebrows,Hands,
0074,Geodude,Geodude,,,
Alolan Form,Hands,Lower jaw,Paralyzing effect: eyebrows and hair,,
0075,Graveler,Graveler,To the sides of the lowest head spikes,Upper hands,
0075,Graveler,Graveler,,,
Alolan Form,Upper hands,Forehead,"Paralyzing effect: eyebrows, sideburns, and arm hair",,
0076,Golem,Golem,Cheeks,Hands,
0076,Golem,Golem,,,
Alolan Form,Chest hair,Eyebrows and mustache,Paralyzing effect: yellow stones between shoulders,,
0077,Ponyta,Ponyta,Nose,Lower forelegs,"Burning effect: flames (mane, tail, on legs)"
0078,Rapidash,Rapidash,Nose,Center of chest,"Burning effect: flames (mane, tail, on legs)"
0079,Slowpoke,Slowpoke,Back,Nose,
0080,Slowbro,Slowbro,Forehead,Shell,
0081,Magnemite,Magnemite,Left magnet,Right magnet,
0082,Magneton,Magneton,"Every other magnet, starting with the rightmost","Every other magnet, starting with the leftmost",
0083,Farfetch'd,Farfetch'd,Forehead/eyebrow,Stalk/stick,
0084,Doduo,Doduo,Stomach,Beaks,
0085,Dodrio,Dodrio,Black feathers on heads,Beaks,
0086,Seel,Seel,Horn,Tongue,
0087,Dewgong,Dewgong,Horn,Flippers,
0088,Grimer,Grimer,N/A,N/A,Slimy effect: entire body
0088,Grimer,Grimer,,,
Alolan Form,N/A,N/A,Slimy effect: entire body,,
0089,Muk,Muk,N/A,N/A,Slimy effect: entire body
0089,Muk,Muk,,,
Alolan Form,N/A,N/A,Slimy effect: entire body,,
0090,Shellder,Shellder,Top front edge of shell,End of tongue,
0091,Cloyster,Cloyster,Head horn and topmost side spikes,Face,
0092,Gastly,Gastly,N/A,N/A,Haunted effect: entire body
0093,Haunter,Haunter,N/A,N/A,Haunted effect: entire body
0094,Gengar,Gengar,N/A,N/A,Haunted effect: entire body
0095,Onix,Onix,Side of head/cheeks,Head horn,
0096,Drowzee,Drowzee,Nose trunk,Ears,
0097,Hypno,Hypno,Neck fur,Pendulum,
0098,Krabby,Krabby,Horns,Stomach,
0099,Kingler,Kingler,Crown spikes,Stomach,
0100,Voltorb,Voltorb,Between eyebrows,Belly/middle of white area,
0101,Electrode,Electrode,Between eyebrows,Mouth,
0102,Exeggcute,Exeggcute,Left front egg,Rightmost egg,
0103,Exeggutor,Exeggutor,Leaves,Bottoms of eggs,
0103,Exeggutor,Exeggutor,,,
Alolan Form,Leaves on head,Base of neck,,,
0104,Cubone,Cubone,Top of head,Bone club,
0105,Marowak,Marowak,Arms,Bone club,
0105,Marowak,Marowak,,,
Alolan Form,Dark spot on forehead,Stomach,,,
0106,Hitmonlee,Hitmonlee,Top of head,Hands,
0107,Hitmonchan,Hitmonchan,Hair,Gloves,
0108,Lickitung,Lickitung,Center of tongue,Top of head,
0109,Koffing,Koffing,Forehead,Skull-and-crossbones,
0110,Weezing,Weezing,Circle on smaller head,Skull-and-crossbones,
0111,Rhyhorn,Rhyhorn,Back spikes,Nose horn,
0112,Rhydon,Rhydon,Forehead horn,Nose horn,
0113,Chansey,Chansey,Egg,Ends of hair,
0114,Tangela,Tangela,Strand of hair sticking up on the left,Feet,
0115,Kangaskhan,Kangaskhan,Horns,Baby,
0116,Horsea,Horsea,Stomach,Side horns,
0117,Seadra,Seadra,Stomach,Side head fins,
0118,Goldeen,Goldeen,Front fins,Horn,
0119,Seaking,Seaking,Front fins,Horn,
0120,Staryu,Staryu,"Ends of either ""arm""",Red gem,
0121,Starmie,Starmie,"Ends of either ""arm"" or the ones below them",Red gem,
0122,Mr. Mime,Mr. Mime,Cheeks,Stomach,
0123,Scyther,Scyther,Hands,Chest,
0124,Jynx,Jynx,Hands,Top of head,
0125,Electabuzz,Electabuzz,Cheeks,Bolt on chest,Paralyzing effect: tips of antennae
0126,Magmar,Magmar,Bill,Hands,"Burning effect: flames (hair, tail)"
0127,Pinsir,Pinsir,Base of pincers/horns,Tops of pincers/horns,
0128,Tauros,Tauros,Tips of horns,Nose,
0129,Magikarp,Magikarp,Side fins,Mouth,
0130,Gyarados,Gyarados,Fins on sides of face,Face horns,
0131,Lapras,Lapras,Chest,Horn,
0132,Ditto,Ditto,N/A,N/A,Gooey effect: entire body
0133,Eevee,Eevee,Chest fur,Fur on top of head,
0134,Vaporeon,Vaporeon,Ears,Top fin,
0135,Jolteon,Jolteon,"High on chest, near neck*",Nose,
0136,Flareon,Flareon,Fur on head,Tail,
0137,Porygon,Porygon,Between eyes,Feet,
0138,Omanyte,Omanyte,Arms,Mouth tendrils,
0139,Omastar,Omastar,Arms (biggest),Mouth,
0140,Kabuto,Kabuto,Top of shell,Where the shell dips in the front,
0141,Kabutops,Kabutops,Between eyes,Hand blades,
0142,Aerodactyl,Aerodactyl,Horns,Nose,
0143,Snorlax,Snorlax,Ears,Feet,
0144,Articuno,Articuno,Chest,Beak,Freezing effect: crystals on head
0145,Zapdos,Zapdos,Chest,Beak,"Paralyzing effect: ends of spikes (on wings, tail, top two on head)"
0146,Moltres,Moltres,Chest,Beak,"Burning effect: flames (crest, wings, tail)"
0147,Dratini,Dratini,Lower belly,End of tail,
0148,Dragonair,Dragonair,Lower belly,Balls on tail,
0149,Dragonite,Dragonite,Chest,Wings,
0150,Mewtwo,Mewtwo,Hands,Top of head and horns,
0151,Mew,Mew,Ears and top of head,Tail,
0152,Chikorita,Chikorita,Leaf,Sides of neck,
0153,Bayleef,Bayleef,Leaves around neck,Head leaf,
0154,Meganium,Meganium,Frontmost flower petals,Forehead,
0155,Cyndaquil,Cyndaquil,Top of head,Nose,
0156,Quilava,Quilava,Feet,Orange spots on forehead,
0157,Typhlosion,Typhlosion,Chest,Nose,
0158,Totodile,Totodile,Eyebrows,Nose/mouth,
0159,Croconaw,Croconaw,Lower jaw,Head fins,
0160,Feraligatr,Feraligatr,Lower jaw,Head fins,
0161,Sentret,Sentret,Cheeks,White circle on stomach,
0162,Furret,Furret,Cheeks,End of tail,
0163,Hoothoot,Hoothoot,Horns/eyebrows,Foot,
0164,Noctowl,Noctowl,Head crest/eyebrows,Feet,
0165,Ledyba,Ledyba,Antennae,Stomach,
0166,Ledian,Ledian,Antennae,Stomach,
0167,Spinarak,Spinarak,Legs,Red pincers,
0168,Ariados,Ariados,Lower legs,Upper legs,
0169,Crobat,Crobat,Top of head,Teeth,
0170,Chinchou,Chinchou,Light bulbs,Forehead,
0171,Lanturn,Lanturn,Front bulb,Front fins,
0172,Pichu,Pichu,Upper chest/neck,Stomach,Paralyzing effect: cheeks
0173,Cleffa,Cleffa,Head curls,Hands,
0174,Igglybuff,Igglybuff,Forehead swirl,Lower abdomen,
0175,Togepi,Togepi,Middle head spike,Right arm,
0176,Togetic,Togetic,Middle head spike,Wing tips,
0177,Natu,Natu,Head feather,Under beak,
0178,Xatu,Xatu,Beak,Chest,
0179,Mareep,Mareep,Nose,Ears,Paralyzing effect: wool and ball on tail
0180,Flaaffy,Flaaffy,Stomach,Ears,Paralyzing effect: wool
0181,Ampharos,Ampharos,Chest,Ears,Paralyzing effect: red balls
0182,Bellossom,Bellossom,Top of head,Center of flowers,
0183,Marill,Marill,Stomach,Ears,
0184,Azumarill,Azumarill,Under chin,Ears,
0185,Sudowoodo,Sudowoodo,Middle leafy ball on each hand,Head horns,
0186,Politoed,Politoed,Between the eyes,Stomach,
0187,Hoppip,Hoppip,Leaves,Hands,
0188,Skiploom,Skiploom,Flower,Hands,
0189,Jumpluff,Jumpluff,Fuzz ball on head,Feet,
0190,Aipom,Aipom,Hands (not on tail),Head hairs,
0191,Sunkern,Sunkern,Leaves,Chin,
0192,Sunflora,Sunflora,Leaves,Feet,
0193,Yanma,Yanma,Horns and top of head,Legs,
0194,Wooper,Wooper,Side spikes,Stomach,
0195,Quagsire,Quagsire,Sides of head (over eyes),Chest,
0196,Espeon,Espeon,Neck,Red gem,
0197,Umbreon,Umbreon,Yellow ring on forehead,Rings on ears,
0198,Murkrow,Murkrow,Beak,Stomach,
0199,Slowking,Slowking,Top of shell/crown,Neck ring,
0200,Misdreavus,Misdreavus,N/A,N/A,Haunted effect: entire body
0201,Unown,Unown,Horn,Black circle around its eye,
0201,Unown,Unown,Bottom half of body,Black circle around its eye,
0201,Unown,Unown,Topmost arc,Black circle around its eye,
0201,Unown,Unown,Tail end of outer arc,Black circle around its eye,
0201,Unown,Unown,Top line of the E,Black circle around its eye,
0201,Unown,Unown,Top and right edges of triangle,Black circle around its eye,
0201,Unown,Unown,Topmost line,Black circle around its eye,
0201,Unown,Unown,Upper halves of outer semicircles,Black circle around its eye,
0201,Unown,Unown,Top horn,Black circle around its eye,
0201,Unown,Unown,Hook at bottom of body,Black circle around its eye,
0201,Unown,Unown,Either of the legs on the side of its face,Black circle around its eye,
0201,Unown,Unown,Bottommost line,Black circle around its eye,
0201,Unown,Unown,"Topmost arc between spikes, including the spikes",Black circle around its eye,
0201,Unown,Unown,Outermost lines,Black circle around its eye,
0201,Unown,Unown,Top part of outer circle,Black circle around its eye,
0201,Unown,Unown,Head horn,Black circle around its eye,
0201,Unown,Unown,Bottom short legs,Black circle around its eye,
0201,Unown,Unown,Legs,Black circle around its eye,
0201,Unown,Unown,Endmost arcs,Black circle around its eye,
0201,Unown,Unown,Top line,Black circle around its eye,
0201,Unown,Unown,Bottom semicircle,Black circle around its eye,
0201,Unown,Unown,Topmost line and spike,Black circle around its eye,
0201,Unown,Unown,Middle horn,Black circle around its eye,
0201,Unown,Unown,Spikes on top of head,Sides of black circle around its eye,
0201,Unown,Unown,Bottom short legs,Black circle around its eye,
0201,Unown,Unown,Bottommost line,Black circle around its eye,
0201,Unown,Unown,Top line,Black circle around its eye,
0201,Unown,Unown,Upper half of top hook,Black circle around its eye,
0202,Wobbuffet,Wobbuffet,Forehead,Legs,
0203,Girafarig,Girafarig,Horns/antennae,Nose,
0204,Pineco,Pineco,"The row of ""leaves"" below its eyes",Horn,
0205,Forretress,Forretress,Top/center of shell,Anything exposed between shells except the eyes,
0206,Dunsparce,Dunsparce,Between eyes,Wings,
0207,Gligar,Gligar,Horns,Hands,
0208,Steelix,Steelix,Cheek protrusions,Side spikes on body,
0209,Snubbull,Snubbull,Ears,Nose,
0210,Granbull,Granbull,Ears,Nose and fangs,
0211,Qwilfish,Qwilfish,Upper lip,Forehead,Cutting effect: spikes
0212,Scizor,Scizor,Claws,Head horns,
0213,Shuckle,Shuckle,Ends of front legs,White ring around neck,
0214,Heracross,Heracross,Horn,Stomach,
0215,Sneasel,Sneasel,Forehead jewel,Feather,
0216,Teddiursa,Teddiursa,Crescent,Inner ears,
0217,Ursaring,Ursaring,Ears,Circle on chest,
0218,Slugma,Slugma,N/A,N/A,Burning effect: entire body
0219,Magcargo,Magcargo,Top of shell,Center of side of shell,Burning effect: entire body besides shell
0220,Swinub,Swinub,Head,Nose,
0221,Piloswine,Piloswine,Over eyes,Tusks,
0222,Corsola,Corsola,Forehead horn,Small branches on head horns,
0223,Remoraid,Remoraid,Horn,Mouth,
0224,Octillery,Octillery,Yellow spot on forehead,Neck,
0225,Delibird,Delibird,"Feather ""horns""",Present bag,
0226,Mantine,Mantine,Horns,Mouth/underbelly,
0227,Skarmory,Skarmory,Neck,Head spike,
0228,Houndour,Houndour,Ears,Nose/upper muzzle,
0229,Houndoom,Houndoom,Skull on chest,Horns,
0230,Kingdra,Kingdra,Stomach,Horns,
0231,Phanpy,Phanpy,Ears,Red stripe on trunk,
0232,Donphan,Donphan,Trunk,Tusks,
0233,Porygon2,Porygon2,Forehead,Feet,
0234,Stantler,Stantler,Black balls on antlers,Nose,
0235,Smeargle,Smeargle,Colored part of tail,Hat,
0236,Tyrogue,Tyrogue,Front horn,Hands,
0237,Hitmontop,Hitmontop,Horn,Hands,
0238,Smoochum,Smoochum,Mouth,Hairs on top of head,
0239,Elekid,Elekid,Sides of head,Bolt on stomach,Paralyzing effect: horns
0240,Magby,Magby,Front curls on head,Mouth,
0241,Miltank,Miltank,Nose,Horns,
0242,Blissey,Blissey,Egg,Front curls,
0243,Raikou,Raikou,Helmet,Tails,
0244,Entei,Entei,Yellow crown,Leg rings,
0245,Suicune,Suicune,Crown's ring,Nose,
0246,Larvitar,Larvitar,Forehead,Horn,
0247,Pupitar,Pupitar,"Three-pronged ""crown""",Mouth/abdomen,
0248,Tyranitar,Tyranitar,Ends of head horns,Scaled part of abdomen,
0249,Lugia,Lugia,Neck,Eye spikes,
0250,Ho-Oh,Ho-Oh,Neck,Head crest,
0251,Celebi,Celebi,Top of head,Antennae,
0252,Treecko,Treecko,Neck/chin,Tails,
0253,Grovyle,Grovyle,Chest,Lower arms,
0254,Sceptile,Sceptile,Leaves on arms,Yellow balls on back,
0255,Torchic,Torchic,Neck feathers,Head feathers,
0256,Combusken,Combusken,Head feathers,Beak,
0257,Blaziken,Blaziken,Top of head,Beak,
0258,Mudkip,Mudkip,Cheek fins,Head fin,
0259,Marshtomp,Marshtomp,Orange cheek spikes,Head fin,
0260,Swampert,Swampert,Orange cheek spikes,Head fins,
0261,Poochyena,Poochyena,Neck,Nose,
0262,Mightyena,Mightyena,Neck,Nose,
0263,Zigzagoon,Zigzagoon,Ears,Nose,
0264,Linoone,Linoone,Head,Claws,
0265,Wurmple,Wurmple,Head horn,Mouth,
0266,Silcoon,Silcoon,Forehead,Middle of underside,
0267,Beautifly,Beautifly,Antennae,Belly,
0268,Cascoon,Cascoon,Forehead,Middle of underside,
0269,Dustox,Dustox,Antennae,Stomach,
0270,Lotad,Lotad,Front of lilypad,Beak,
0271,Lombre,Lombre,Front of lilypad,Beak,
0272,Ludicolo,Ludicolo,Front of hat,Nostrils,
0273,Seedot,Seedot,Stem on top of head,Feet,
0274,Nuzleaf,Nuzleaf,Nose,Leaf,
0275,Shiftry,Shiftry,Beak,Leaf fans,
0276,Taillow,Taillow,Chest,Feet,
0277,Swellow,Swellow,Blue stripe on neck,Top of red stripe on head,
0278,Wingull,Wingull,Ears,Ends of wings,
0279,Pelipper,Pelipper,Bill/beak (center),Ends of wings,
0280,Ralts,Ralts,Lower half of the helmet creases,Head fin,
0281,Kirlia,Kirlia,Forehead,Red fins,
0282,Gardevoir,Gardevoir,Forehead,Hanging sides of hair,
0283,Surskit,Surskit,Base of head spike,Ends of legs,
0284,Masquerain,Masquerain,Base of head spike,Purple spot on wings,
0285,Shroomish,Shroomish,Bottom petals,Head petals,
0286,Breloom,Breloom,Neck petals,Front of cap,
0287,Slakoth,Slakoth,Head hairs,Nose,
0288,Vigoroth,Vigoroth,Forehead hair,Around neck,
0289,Slaking,Slaking,Head hairs,Nose,
0290,Nincada,Nincada,Front legs/claws,Wings,
0291,Ninjask,Ninjask,Black circle on face,A small area on the face,
0292,Shedinja,Shedinja,Between eyes,Stomach,
0293,Whismur,Whismur,Ears,Hands,
0294,Loudred,Loudred,Ears,Nose,
0295,Exploud,Exploud,Middle head horn,Nose,
0296,Makuhita,Makuhita,Head bow,Hands,
0297,Hariyama,Hariyama,Top of head,Hands,
0298,Azurill,Azurill,Ball on tail,Ears,
0299,Nosepass,Nosepass,Nose,Arms,
0300,Skitty,Skitty,Cheeks,Tips of ears,
0301,Delcatty,Delcatty,Cheeks,Tips of ears,
0302,Sableye,Sableye,Red gem,Tops of ears,
0303,Mawile,Mawile,Between eyes,Hair on sides of head,
0304,Aron,Aron,Top of head,Nose,
0305,Lairon,Lairon,Holes just above nostrils,Nostril holes,
0306,Aggron,Aggron,Horns,Nose/front of helmet,
0307,Meditite,Meditite,Head horn,Ears,
0308,Medicham,Medicham,Left ear,Right ear,
0309,Electrike,Electrike,Feet,Muzzle,
0310,Manectric,Manectric,Feet,Muzzle,
0311,Plusle,Plusle,Cheeks,Nose,
0312,Minun,Minun,Cheeks,Nose,
0313,Volbeat,Volbeat,Chest,Antennae,
0314,Illumise,Illumise,Antennae,Nose,
0315,Roselia,Roselia,Head,Flowers,
0316,Gulpin,Gulpin,Mouth,Hands,
0317,Swalot,Swalot,Mouth,Hands,
0318,Carvanha,Carvanha,Head fins,Star on belly,
0319,Sharpedo,Sharpedo,Fin under head,Yellow star,Cutting effect: teeth
0320,Wailmer,Wailmer,Belly,Blowholes,
0321,Wailord,Wailord,Chin,Fins,
0322,Numel,Numel,Tops of ears,Hair on top of head,
0323,Camerupt,Camerupt,Ends of ears,Hair on top of head,
0324,Torkoal,Torkoal,Neck,Feet,Burning effect: holes on shell
0325,Spoink,Spoink,Nose and stomach,Pearl,
0326,Grumpig,Grumpig,Ears,Black pearls,
0327,Spinda,Spinda,Lower belly,Armpits,
0328,Trapinch,Trapinch,Nose,Front legs,
0329,Vibrava,Vibrava,Nose,Legs,
0330,Flygon,Flygon,Chest,Eyes,
0331,Cacnea,Cacnea,Crown,Diamond on stomach,
0332,Cacturne,Cacturne,Tip of hat,Diamond on chest,
0333,Swablu,Swablu,Cheeks,Stomach,
0334,Altaria,Altaria,Cheeks,Chest,
0335,Zangoose,Zangoose,White ear,Red ear,
0336,Seviper,Seviper,Gold marking between eyes,Purple marking on stomach,
0337,Lunatone,Lunatone,Tips of crescent,Mouth/beak,
0338,Solrock,Solrock,Uppermost protruding rock,Upper left and upper right protruding rocks,
0339,Barboach,Barboach,Mouth,Tips of antennae,
0340,Whiscash,Whiscash,Yellow W on head,Whiskers,
0341,Corphish,Corphish,Right pincer,Chin,
0342,Crawdaunt,Crawdaunt,Star,Chin,
0343,Baltoy,Baltoy,Horn on head,"Base/""foot""",
0344,Claydol,Claydol,Head horn,Arms,
0345,Lileep,Lileep,Upper four tentacles,Black face,
0346,Cradily,Cradily,Base of neck,Tips of tentacles,
0347,Anorith,Anorith,Red triangles on head,Claws,
0348,Armaldo,Armaldo,Red nostrils,Red parts of topmost feathers on sides,
0349,Feebas,Feebas,Head fin,Side fins,
0350,Milotic,Milotic,Forehead,Ends of eyebrows,
0351,Castform,Castform,Eye mask,Horn,
0352,Kecleon,Kecleon,Mouth/lips,Fins on top of head,
0353,Shuppet,Shuppet,N/A,N/A,Haunted effect: entire body
0354,Banette,Banette,N/A,N/A,Haunted effect: entire body
0355,Duskull,Duskull,Mask mouth/teeth,Forehead of mask,Haunted effect: everywhere except mask
0356,Dusclops,Dusclops,Hands,Horn on head,Haunted effect: body (dark gray areas) and eye
0357,Tropius,Tropius,Yellow fruit,Chest,
0358,Chimecho,Chimecho,Bell,"Top part of ""tail""",
0359,Absol,Absol,Dangling head fur,Horn,
0360,Wynaut,Wynaut,Horn,Ears,
0361,Snorunt,Snorunt,Top of coat,Ends of the coat it's holding,
0362,Glalie,Glalie,Horns,Mouth,Freezing effect: ice (white areas)
0363,Spheal,Spheal,Belly,Ears,
0364,Sealeo,Sealeo,Forehead,Flippers,
0365,Walrein,Walrein,Tusks,Fur on cheeks and sides of neck,
0366,Clamperl,Clamperl,Face,Outside of upper shell,
0367,Huntail,Huntail,Top of head fan,Nostrils,
0368,Gorebyss,Gorebyss,Appendage on head,Beak,
0369,Relicanth,Relicanth,Forehead,Lower end of jowls,
0370,Luvdisc,Luvdisc,Cheek (pale circle),Mouth (pale circle),
0371,Bagon,Bagon,Middle of helmet,Arms,
0372,Shelgon,Shelgon,Forehead,Feet,
0373,Salamence,Salamence,Red stripes on head,Feet,
0374,Beldum,Beldum,Sides of face,Flat area on top of head,
0375,Metang,Metang,Nose,Spikes extending back from arms,
0376,Metagross,Metagross,X over face,Top points of the arms,
0377,Regirock,Regirock,Eyeholes,Orange part of chest,
0378,Regice,Regice,N/A,N/A,Freezing effect: entire body
0379,Registeel,Registeel,Eyeholes,Claws,
0380,Latias,Latias,Forehead,Wings,
0381,Latios,Latios,Forehead,Wings,
0382,Kyogre,Kyogre,White circles on head,White spikes,
0383,Groudon,Groudon,Armor hanging from cheeks,Claws on hands,
0384,Rayquaza,Rayquaza,Neck,Claws,
0385,Jirachi,Jirachi,Yellow flaps on sides of face,Hands,
0386,Deoxys,Deoxys,,,
Normal Forme,Side horns,Core,,,
0386,Deoxys,Deoxys,,,
Attack Forme,Side horns,Core,,,
0386,Deoxys,Deoxys,,,
Defense Forme,Shoulders,Core,,,
0386,Deoxys,Deoxys,,,
Speed Forme,Side horns,Core,,,
0387,Turtwig,Turtwig,Stem on head,Yellow parts of mouth,
0388,Grotle,Grotle,Middle brown ridge on back,Yellow parts of mouth,
0389,Torterra,Torterra,Tree (center of the big bunch of leaves),Cheek spikes,
0390,Chimchar,Chimchar,Forehead/brow,Ears,Burning effect: tip of tail
0391,Monferno,Monferno,Blue eye crests,Ears,Burning effect: tip of tail
0392,Infernape,Infernape,Red eye crests,Hands,Burning effect: head flames
0393,Piplup,Piplup,Top/center of head,Neck ruff,
0394,Prinplup,Prinplup,Beak and yellow crests,Ends of wings,
0395,Empoleon,Empoleon,Yellow crown/headpiece,Light blue edge of wings,
0396,Starly,Starly,Spike on head,Beak,
0397,Staravia,Staravia,Head crest,Beak,
0398,Staraptor,Staraptor,Head crest,Feet,
0399,Bidoof,Bidoof,Forehead,Buck teeth,
0400,Bibarel,Bibarel,Sides of head,Buck teeth,
0401,Kricketot,Kricketot,Top of antennae,Front of collar/ring around head,
0402,Kricketune,Kricketune,Lower half of antennae,Mustache,
0403,Shinx,Shinx,Ears,Nose,
0404,Luxio,Luxio,Ears,Fur spike on top of head,Paralyzing effect: tip of tail
0405,Luxray,Luxray,Ears,Nose,
0406,Budew,Budew,Buds on head,Chest,
0407,Roserade,Roserade,Red and blue hand flowers,White head flower,
0408,Cranidos,Cranidos,Top of head,Hands,
0409,Rampardos,Rampardos,Big head horns,Hands,
0410,Shieldon,Shieldon,Silver pieces on head,Silver pieces on feet,
0411,Bastiodon,Bastiodon,Yellow spots on forehead,Silver head horns,
0412,Burmy,Burmy,,,
Plant Cloak,Stem on head,Feet,,,
0412,Burmy,Burmy,,,
Sandy Cloak,Stem on head,Rocks on stomach,,,
0412,Burmy,Burmy,,,
Trash Cloak,Stem on head,Feet,,,
0413,Wormadam,Wormadam,,,
Plant Cloak,Nose,Leaves on head,,,
0413,Wormadam,Wormadam,,,
Sandy Cloak,Nose,Rocks on head,,,
0413,Wormadam,Wormadam,,,
Trash Cloak,Nose,Ears and streamers on side of head,,,
0414,Mothim,Mothim,Tips of antennae,Stomach,
0415,Combee,Combee,Antennae,Mouths,
0416,Vespiquen,Vespiquen,Black tips of horns,Hands,
0417,Pachirisu,Pachirisu,Cheeks,Spikes on tail,
0418,Buizel,Buizel,Flotation sac,Lower abdomen,
0419,Floatzel,Floatzel,Neck and upper part of flotation sac,Stomach,
0420,Cherubi,Cherubi,Top of big leaf,Stripe on forehead,
0421,Cherrim,Cherrim,Stem,Lower edges of flower petals,
0422,Shellos,Shellos,,,
West Sea,Chest,Head crown,,,
0422,Shellos,Shellos,,,
East Sea,Chest,"Top of head and ""horns""",,,
0423,Gastrodon,Gastrodon,,,
West Sea,Chest,Horns,,,
0423,Gastrodon,Gastrodon,,,
East Sea,Chest,Horns,,,
0424,Ambipom,Ambipom,Palms of tail hands,Head hairs,
0425,Drifloon,Drifloon,X area around mouth,Neck and end of arms,Haunted effect: cloud on head
0426,Drifblim,Drifblim,X area around mouth,Yellow ends of arms,Haunted effect: cloud on head
0427,Buneary,Buneary,Upright ear,Curled-in ear,
0428,Lopunny,Lopunny,Big eyebrows,Ends of ears,
0429,Mismagius,Mismagius,N/A,N/A,Haunted effect: entire body
0430,Honchkrow,Honchkrow,Top of hat,Lower abdomen,
0431,Glameow,Glameow,Tips of ears or tail,Whiskers,
0432,Purugly,Purugly,Chest (under chin),Whiskers,
0433,Chingling,Chingling,Top of strings,Hands,
0434,Stunky,Stunky,Tail behind spike,Whiskers,
0435,Skuntank,Skuntank,Tip of tail,Mouth/cheeks,
0436,Bronzor,Bronzor,Top ball,Lower left or right balls,
0437,Bronzong,Bronzong,Handle arch,Dark blue bands on arms,
0438,Bonsly,Bonsly,Side green balls,Top green ball,
0439,Mime Jr.,Mime Jr.,Hat,Nose,
0440,Happiny,Happiny,Egg,Dark pink hairband,
0441,Chatot,Chatot,Middle of chest,Beak,
0442,Spiritomb,Spiritomb,N/A,N/A,Haunted effect: entire body
0443,Gible,Gible,Head horn,Side horns,
0444,Gabite,Gabite,Claws,Stomach,
0445,Garchomp,Garchomp,Claws,Stomach,
0446,Munchlax,Munchlax,Chest circle,Tips of head horns,
0447,Riolu,Riolu,Top of head and ears,Nose,
0448,Lucario,Lucario,Top of head and ears,Nose,
0449,Hippopotas,Hippopotas,Head,Nostrils,
0450,Hippowdon,Hippowdon,Between eyes,Nostrils,
0451,Skorupi,Skorupi,Arms,Ball at end of tail,
0452,Drapion,Drapion,Tusks,Claws,
0453,Croagunk,Croagunk,Stomach,Top of head,
0454,Toxicroak,Toxicroak,Horn,Hand claws,
0455,Carnivine,Carnivine,Mouth,Bottom of roots,
0456,Finneon,Finneon,Head fins,Side fins,
0457,Lumineon,Lumineon,Blue edges of side fins,Fins on bottom,
0458,Mantyke,Mantyke,Horns,Top of head,
0459,Snover,Snover,Hands,Chest/stomach,Freezing effect: hat
0460,Abomasnow,Abomasnow,Hands,Mustaches,Freezing effect: horns on head
0461,Weavile,Weavile,Forehead jewel,Ear feathers,
0462,Magnezone,Magnezone,Left magnet,Right magnet,
0463,Lickilicky,Lickilicky,Upper tongue,Head horn,
0464,Rhyperior,Rhyperior,Top horn,Front horn,
0465,Tangrowth,Tangrowth,Vine on left side of face,Black forehead,
0466,Electivire,Electivire,Black band to sides of eyes,Bolts on chest,Paralyzing effect: antennae
0467,Magmortar,Magmortar,Mouth,Tips of cannons,Burning effect: flames (hair and on shoulders)
0468,Togekiss,Togekiss,Head spikes,Wing tips,
0469,Yanmega,Yanmega,Mouth,Legs,
0470,Leafeon,Leafeon,Leaf sprouting from forehead,Leaf sprouting from chest,
0471,Glaceon,Glaceon,Hair above eyes,Ends of hanging hair,
0472,Gliscor,Gliscor,Ears,Claws,
0473,Mamoswine,Mamoswine,Tusks,Nose,
0474,Porygon-Z,Porygon-Z,Horn on head,Tail,
0475,Gallade,Gallade,Cheek fans,Head blade,
0476,Probopass,Probopass,Nose,Pointed parts of hands,
0477,Dusknoir,Dusknoir,Yellow disc on top of head,Eye,Haunted effect: everywhere except hands and head
0478,Froslass,Froslass,Forehead diamond,Ends of hair/arms,Freezing effect: ice gems
0479,Rotom,Rotom,N/A,N/A,Haunted effect: body; paralyzing effect: arms
0479,Rotom,Rotom,,,
Fan Rotom,Forehead,Fan blades,Paralyzing effect: arms,,
0479,Rotom,Rotom,,,
Mow Rotom,Horn/steering wheel,Wheels,Paralyzing effect: arms,,
0479,Rotom,Rotom,,,
Heat Rotom,Horn,Door,Paralyzing effect: arms,,
0479,Rotom,Rotom,,,
Frost Rotom,Horn,Right door,Paralyzing effect: arms,,
0479,Rotom,Rotom,,,
Wash Rotom,Horn,Door,Paralyzing effect: arms,,
0480,Uxie,Uxie,Forehead gem,Front/side parts of helmet,
0481,Mesprit,Mesprit,Forehead gem,Tips of hairs,
0482,Azelf,Azelf,Forehead gem,Ears,
0483,Dialga,Dialga,Neck,Light blue stripe on head,
0484,Palkia,Palkia,Shoulder armor,Top of helmet,
0485,Heatran,Heatran,Bands on front feet,Horns,Burning effect: non-metal parts of body
0486,Regigigas,Regigigas,Eyeholes,Grass on shoulders,
0487,Giratina,Giratina,,,
Altered Forme,Side horns,Top neck ring,Haunted effect: wings,,
0487,Giratina,Giratina,,,
Origin Forme,Cheeks of face guard,Top neck ring,Haunted effect: tendrils,,
0488,Cresselia,Cresselia,Forehead gem,Bottom tips of crown,
0489,Phione,Phione,Ball on head,Eyebrows,
0490,Manaphy,Manaphy,Eyebrows,Antennae,
0491,Darkrai,Darkrai,Front of red neck ring,Shoulders,
0492,Shaymin,Shaymin,,,
Land Forme,Left flower,Right flower,,,
0492,Shaymin,Shaymin,,,
Sky Forme,Scarf,Top of head crest,,,
0493,Arceus,Arceus,White chest plate (all Arceus forms),Top and front of helmet (all Arceus forms),
0494,Victini,Victini,Horns of V on head,Feet,
0495,Snivy,Snivy,Forehead,Yellow curls on shoulders,
0496,Servine,Servine,Forehead,Yellow V on chest,
0497,Serperior,Serperior,Forehead,Curls extending from shoulders,
0498,Tepig,Tepig,Yellow area between eyes,Ears,
0499,Pignite,Pignite,Ears,Snout,
0500,Emboar,Emboar,Yellow arm bands,Horns/eyebrows,Burning effect: flames
0501,Oshawott,Oshawott,Neck,Seashell,
0502,Dewott,Dewott,Chest,Seashells,
0503,Samurott,Samurott,Long sideways beard tufts,Forehead horn,
0504,Patrat,Patrat,Cheeks,Ears,
0505,Watchog,Watchog,Cheeks,Ears,
0506,Lillipup,Lillipup,Top/center spike of fur,Nose,
0507,Herdier,Herdier,Ears,Nose,
0508,Stoutland,Stoutland,Big spike of fur on top of head,Nose,
0509,Purrloin,Purrloin,"Chest, cheek fur, base of ears",Tail,
0510,Liepard,Liepard,Top of head,Ears,
0511,Pansage,Pansage,Grassy hair,Ears,
0512,Simisage,Simisage,Forehead,Ears,
0513,Pansear,Pansear,Flame tuft on head,Ears,
0514,Simisear,Simisear,Front swirl of hair,Ears,
0515,Panpour,Panpour,Cloud on head,Ears,
0516,Simipour,Simipour,Forehead,Ears,
0517,Munna,Munna,Top of head,Feet,
0518,Musharna,Musharna,Top/back of head,Top of head opposite visible eye,
0519,Pidove,Pidove,Neck/throat,Stomach,
0520,Tranquill,Tranquill,Shoulders,Beak,
0521,Unfezant,Unfezant,,,
♂,Chest,Red mask/ribbons,,,
0521,Unfezant,Unfezant,,,
♀,Chest,Top of head,,,
0522,Blitzle,Blitzle,White chest stripe,Nose,
0523,Zebstrika,Zebstrika,Lower white stripe of chest,Nose/snout,Paralyzing effect: mane
0524,Roggenrola,Roggenrola,Rock on top of head,Center hole,
0525,Boldore,Boldore,Red rocks on face,Red rocks on back,
0526,Gigalith,Gigalith,Tip of red rock on left leg,Tip of red rock on right leg,
0527,Woobat,Woobat,Nose,Hair on top of head,
0528,Swoobat,Swoobat,In chest fur,Top of head,
0529,Drilbur,Drilbur,Nose,Claws,
0530,Excadrill,Excadrill,Nose,Claws,
0531,Audino,Audino,Curls hanging from ears,Under chin,
0532,Timburr,Timburr,Nose,Block of wood,
0533,Gurdurr,Gurdurr,Nose,Shoulder rings,
0534,Conkeldurr,Conkeldurr,Nose,Concrete beams,
0535,Tympole,Tympole,Warts on sides of head,Eyebrows,
0536,Palpitoad,Palpitoad,Warts on sides of head,Wart on top,
0537,Seismitoad,Seismitoad,Top of head warts,Top of arm warts,
0538,Throh,Throh,Nose and eyebrows,Belt,
0539,Sawk,Sawk,Belt,Nose/eyebrow,
0540,Sewaddle,Sewaddle,Top of back part of leaf collar,Tops of side parts of leaf collar,
0541,Swadloon,Swadloon,Leaves sticking up from head,Foot leaves,
0542,Leavanny,Leavanny,Head leaf,Hand leaves,
0543,Venipede,Venipede,Nose/forehead,Antennae,
0544,Whirlipede,Whirlipede,Red spot on top,Front antennae and lower front legs,
0545,Scolipede,Scolipede,Top of head,Antennae,
0546,Cottonee,Cottonee,Leaf wings,Top of head,
0547,Whimsicott,Whimsicott,Neck fur,Green horns,
0548,Petilil,Petilil,Middle head leaf,Stomach,
0549,Lilligant,Lilligant,Flower,Forehead,
0550,Basculin,Basculin,,,
Red-Striped Form,Right fin,Left fin,,,
0550,Basculin,Basculin,,,
Blue-Striped Form,Left fin,Right fin,,,
0551,Sandile,Sandile,Cheeks,Nose/nostrils,
0552,Krokorok,Krokorok,Cheeks,Nostrils,
0553,Krookodile,Krookodile,Cheeks,Nose/nostrils,
0554,Darumaka,Darumaka,Eyebrows,Marks on chest,
0555,Darmanitan,Darmanitan,Cheeks,Hands,Burning effect: eyebrows
0556,Maractus,Maractus,Horn,Pink flowers,
0557,Dwebble,Dwebble,Front legs,Shell behind head,
0558,Crustle,Crustle,Pincers,Yellow spot on top part of shell,
0559,Scraggy,Scraggy,Chest,Red hair on head,
0560,Scrafty,Scrafty,Neck,Red crest on head,
0561,Sigilyph,Sigilyph,Eyestalk,Black pitchforks on sides,
0562,Yamask,Yamask,Mouth of mask,Eyes of mask,Haunted effect: everywhere but mask
0563,Cofagrigus,Cofagrigus,Mask emblem and middle stripe on head,Middle section of coffin body (chest/abdomen),Haunted effect: arms
0564,Tirtouga,Tirtouga,Nose,Ends of foreflippers,
0565,Carracosta,Carracosta,Nose/forehead,Ends of arms,
0566,Archen,Archen,Nose,Feet,
0567,Archeops,Archeops,Neckline,Stomach,
0568,Trubbish,Trubbish,N/A,N/A,Slimy effect: entire body
0569,Garbodor,Garbodor,N/A,N/A,Slimy effect: entire body
0570,Zorua,Zorua,Head hair,Nose,
0571,Zoroark,Zoroark,Top part of red mane,Sides of black neck shield,
0572,Minccino,Minccino,Fur standing up on head,Tail,
0573,Cinccino,Cinccino,Top of head,Tail,
0574,Gothita,Gothita,Head ribbons,Head horn,
0575,Gothorita,Gothorita,Hair ribbons,Balls at bottom of hair,
0576,Gothitelle,Gothitelle,Hair fans,Hair spike,
0577,Solosis,Solosis,N/A,N/A,Gooey effect: entire body
0578,Duosion,Duosion,N/A,N/A,Gooey effect: entire body
0579,Reuniclus,Reuniclus,N/A,N/A,Gooey effect: entire body
0580,Ducklett,Ducklett,Feathers on head,Beak,
0581,Swanna,Swanna,Sides of head,Base of neck,
0582,Vanillite,Vanillite,Top swirl,Arms,Freezing effect: crystals and cone
0583,Vanillish,Vanillish,Mouth,Top swirl,Freezing effect: crystals and cone
0584,Vanilluxe,Vanilluxe,Straw,Top swirls,Freezing effect: blue areas of body except straw
0585,Deerling,Deerling,Flower,Nose,All forms the same
0586,Sawsbuck,Sawsbuck,Antlers*,Nose,
0587,Emolga,Emolga,Forehead,Tip of tail,Paralyzing effect: cheeks
0588,Karrablast,Karrablast,Top of horn,Abdomen,
0589,Escavalier,Escavalier,Front of helmet,Stomach,
0590,Foongus,Foongus,Front of cap,Stomach,
0591,Amoonguss,Amoonguss,Whole cap except for center button,Stomach,
0592,Frillish,Frillish,N/A,N/A,Gooey effect: entire body
0593,Jellicent,Jellicent,N/A,N/A,Gooey effect: entire body
0594,Alomomola,Alomomola,Tips of fins,Forehead,
0595,Joltik,Joltik,Legs,Mandibles,
0596,Galvantula,Galvantula,Legs,Mandibles,
0597,Ferroseed,Ferroseed,Cheeks,Forehead,Cutting effect: spikes
0598,Ferrothorn,Ferrothorn,Forehead,Vines/arms,"Cutting effect: spikes and ""hands"""
0599,Klink,Klink,Center of the right gear,Center of the left gear,
0600,Klang,Klang,Center of large gear,Center of small gear,
0601,Klinklang,Klinklang,Center of large gear,Center of small gear (blue),
0602,Tynamo,Tynamo,Mouth,Fins,Paralyzing effect: yellow line through body
0603,Eelektrik,Eelektrik,Lips,Head fins,Paralyzing effect: yellow circles on body
0604,Eelektross,Eelektross,Lips,Small white fins on lower body,Paralyzing effect: inner part of hands
0605,Elgyem,Elgyem,Black lines on head,Hands,
0606,Beheeyem,Beheeyem,Black lines on head,Lights on hands,
0607,Litwick,Litwick,Arms,Top of candle under flame,Haunted effect: flame
0608,Lampent,Lampent,Horn on head,Ends of arms,Haunted effect: glass face
0609,Chandelure,Chandelure,Curling ends of arms,Crown on head,Haunted effect: flames
0610,Axew,Axew,Top of head,Head horn,
0611,Fraxure,Fraxure,Head horn,Tusks,
0612,Haxorus,Haxorus,Top of head,Outer edges of blades,
0613,Cubchoo,Cubchoo,Top of head,Nose,Gooey effect: snot
0614,Beartic,Beartic,Top of head,Paws,Freezing effect: icicle beard
0615,Cryogonal,Cryogonal,Upper-left arrow,Upper-right arrow,Freezing effect: almost everywhere
0616,Shelmet,Shelmet,Top parts of shell,Mouth,
0617,Accelgor,Accelgor,Stomach*,Star on head,
0618,Stunfisk,Stunfisk,Big yellow spot,Mouth,
0619,Mienfoo,Mienfoo,Forehead,Hands,
0620,Mienshao,Mienshao,Forehead,Hands,
0621,Druddigon,Druddigon,Forearms,Top of head,
0622,Golett,Golett,Arms,Yellow swirl on stomach,
0623,Golurk,Golurk,Yellow swirls on shoulders,Brown patch on chest,
0624,Pawniard,Pawniard,Top of head,High on chest,Cutting effect: blades
0625,Bisharp,Bisharp,Top of head,Shoulders,Cutting effect: blades
0626,Bouffalant,Bouffalant,Base of horns,Nose,
0627,Rufflet,Rufflet,Big head feather,Feet,
0628,Braviary,Braviary,Most of head,Neck and upper chest,
0629,Vullaby,Vullaby,Head feathers,Neck fur,
0630,Mandibuzz,Mandibuzz,Neck and shoulders,Wings,
0631,Heatmor,Heatmor,Hands,Nose,
0632,Durant,Durant,Antennae,Jaws,
0633,Deino,Deino,Chest hairs,Head,
0634,Zweilous,Zweilous,Hairs on top of heads,Wings,
0635,Hydreigon,Hydreigon,Middle head,Wings,
0636,Larvesta,Larvesta,Chest/below face,Lower half of horns,Burning effect: tips of horns
0637,Volcarona,Volcarona,Stomach,Horns on sides of head,Burning effect: wings
0638,Cobalion,Cobalion,Chest,Horns,
0639,Terrakion,Terrakion,Side horns,Bands on legs,
0640,Virizion,Virizion,Middle/top of head,Red and green neck spikes,
0641,Tornadus,Tornadus,,,
Incarnate Forme,Horns,Mustache,,,
0641,Tornadus,Tornadus,,,
Therian Forme,Head hair,Neck,,,
0642,Thundurus,Thundurus,,,
Incarnate Forme,End of tail (last two balls),Horn,,,
0642,Thundurus,Thundurus,,,
Therian Forme,"Palms, end of tail (last two balls)",Horn,,,
0643,Reshiram,Reshiram,Streamers of hair,Neck rings,
0644,Zekrom,Zekrom,Base of wings,Neck,
0645,Landorus,Landorus,,,
Incarnate Forme,Mustache,End of tail,,,
0645,Landorus,Landorus,,,
Therian Forme,Mustache,Tail,,,
0646,Kyurem,Kyurem,Yellow horn,Feet,Freezing effect: crystal parts
0646,Kyurem,Kyurem,,,
Black Kyurem,Yellow horn,Feet,Freezing effect: crystal parts,,
0646,Kyurem,Kyurem,,,
White Kyurem,Yellow horn,Feet,Freezing effect: crystal parts,,
0647,Keldeo,Keldeo,,,
Ordinary Form,White spot on chest,Horn,,,
0647,Keldeo,Keldeo,,,
Resolute Form,White spot on chest,Horn,,,
0648,Meloetta,Meloetta,Blue jewel on forehead,Black earpiece,
0649,Genesect,Genesect,Cannon,Holes on forehead,
0650,Chespin,Chespin,Cheeks,Tips of big side horns,
0651,Quilladin,Quilladin,Red tips of horns,Cheeks,
0652,Chesnaught,Chesnaught,Top of head,Large spikes on shell,
0653,Fennekin,Fennekin,Forehead,White cheeks,
0654,Braixen,Braixen,Ears,Cheek hairs,
0655,Delphox,Delphox,Tops of ears,Shoulders,
0656,Froakie,Froakie,Cheeks,Bubbles over abdomen,
0657,Frogadier,Frogadier,Horns,Nose,
0658,Greninja,Greninja,Tongue scarf,White bubbles/warts,
0659,Bunnelby,Bunnelby,Brown tips of ears,Hands,
0660,Diggersby,Diggersby,Brown tips of ears,Hands,
0661,Fletchling,Fletchling,Chest,Feet,
0662,Fletchinder,Fletchinder,Spike on top of head,Red curved lines of chest,
0663,Talonflame,Talonflame,Neck,Feet,
0664,Scatterbug,Scatterbug,Forehead,Hairs on head,
0665,Spewpa,Spewpa,Top of head,Chest/belly,
0666,Vivillon,Vivillon,Antennae (all patterns),Stomach (all patterns),
0667,Litleo,Litleo,Ears,Nose and mouth,Burning effect: head hair flame
0668,Pyroar,Pyroar,,,
♂,Chest/below chin,Top of head,Burning effect: outer parts of mane,,
0668,Pyroar,Pyroar,,,
♀,Chest,Top of head,Burning effect: top of fiery mane,,
0669,Flabébé,Flabébé,Wreath on head (all forms),Ears (all forms),
0670,Floette,Floette,Antennae (all forms),Ears (all forms),
0671,Florges,Florges,Strings of beads dangling under ears (all forms),Forehead (all forms),
0672,Skiddo,Skiddo,Green leaves on neck,Feet,
0673,Gogoat,Gogoat,Horns,Feet,
0674,Pancham,Pancham,Top of head and spiky hairs,Nose,
0675,Pangoro,Pangoro,Spiky hair on head,Shoulder fur,
0676,Furfrou,Furfrou,,,
Natural Form,Ears,Nose,,,
0676,Furfrou,Furfrou,,,
Dandy Trim,Green fur under hat,Tie,,,
0676,Furfrou,Furfrou,,,
Debutante Trim,Yellow ribbon on hat,Yellow ends of ears,,,
0676,Furfrou,Furfrou,,,
Diamond Trim,Diamond on head,Fur protusions on sides of head,,,
0676,Furfrou,Furfrou,,,
Heart Trim,Heart on head,Lower chest,,,
0676,Furfrou,Furfrou,,,
Kabuki Trim,Hair sticking up on top of head,Neck,,,
0676,Furfrou,Furfrou,,,
La Reine Trim,Blue fur on head,Blue fur on neck,,,
0676,Furfrou,Furfrou,,,
Matron Trim,Pink fur on top of head,Pink end of ears,,,
0676,Furfrou,Furfrou,,,
Pharaoh Trim,Blue protrusions on head,Blue ends of ears,,,
0676,Furfrou,Furfrou,,,
Star Trim,Star on head,Ends of ears,,,
0677,Espurr,Espurr,Tufts of fur on cheeks or chest,Ears,
0678,Meowstic,Meowstic,,,
♂,Neck fur,Ears,,,
0678,Meowstic,Meowstic,,,
♀,Neck fur,Ears,,,
0679,Honedge,Honedge,Circles below eyes,Arm tassle,
0680,Doublade,Doublade,Circles below eyes,Plaque behind both swords,
0681,Aegislash,Aegislash,Circles on shield,Handle horn,
0682,Spritzee,Spritzee,Hair on head,Black eyelashes,
0683,Aromatisse,Aromatisse,Big horns,Nose,
0684,Swirlix,Swirlix,Ears/balls on head,Sides of mouth,
0685,Slurpuff,Slurpuff,Dark ball on top of head,Sides of mouth,
0686,Inkay,Inkay,Fin on top of head,Ends of blue tentacles,
0687,Malamar,Malamar,Ends of blue tentacles,Beak,
0688,Binacle,Binacle,Faces,Middle horns,
0689,Barbaracle,Barbaracle,"Back of ""fingers"" on top of main head",Horns on one-eyed heads,
0690,Skrelp,Skrelp,Chest,Nose,
0691,Dragalge,Dragalge,Chest,Nose,
0692,Clauncher,Clauncher,Antennae,Front of large claw,
0693,Clawitzer,Clawitzer,Top/front part of large claw,Antennae on claw,
0694,Helioptile,Helioptile,Ears,Legs,
0695,Heliolisk,Heliolisk,Chest,Orange bands on legs,
0696,Tyrunt,Tyrunt,Top of head,Feet,
0697,Tyrantrum,Tyrantrum,Crown,Beard,
0698,Amaura,Amaura,Sails on head,Base of neck,Freezing effect: crystals on sides
0699,Aurorus,Aurorus,Top of sails on its head,Upper neck,Freezing effect: ice crystals
0700,Sylveon,Sylveon,Bowtie and chest,Nose,
0701,Hawlucha,Hawlucha,Orange parts on top of head,Nose,
0702,Dedenne,Dedenne,Under chin,End of tail,Paralyzing effect: cheeks
0703,Carbink,Carbink,Gems,Ends of ears,
0704,Goomy,Goomy,Front/small horns,Cheeks,
0705,Sliggoo,Sliggoo,Neck,Front/small horns,
0706,Goodra,Goodra,Head horns,Hands,Gooey effect: goo on chin and hands
0707,Klefki,Klefki,Bronze key,Top key,
0708,Phantump,Phantump,Cheeks,Leaves,Haunted effect: black parts of body
0709,Trevenant,Trevenant,Bunch of leaves on head,Branches growing from arms,Haunted effect: black areas
0710,Pumpkaboo,Pumpkaboo,Lower abdomen,Pumpkin holes,Haunted effect: brown parts of body
0711,Gourgeist,Gourgeist,Nowhere,Nowhere,"Haunted effect: everywhere except pumpkin ""face"""
0712,Bergmite,Bergmite,Front horn,Purple rings around eyes,Freezing effect: tip of its head
0713,Avalugg,Avalugg,White horns,Feet,Freezing effect: top of body
0714,Noibat,Noibat,Middle of ears,Nose,
0715,Noivern,Noivern,Insides of ears,Neck fur,
0716,Xerneas,Xerneas,Nose,Antlers,
0717,Yveltal,Yveltal,Lower end of neck fur,Horns,
0718,Zygarde,Zygarde,,,
50% Forme,Large upper protrusions,Smaller protrusions on sides,,,
0718,Zygarde,Zygarde,,,
10% Forme,Top of head,Red jewel and green part of neck,,,
0719,Diancie,Diancie,Forehead gem,Gem on side of body,
0720,Hoopa,Hoopa,,,
Hoopa Confined,Forehead circle,Topknot,,,
0720,Hoopa,Hoopa,,,
Hoopa Unbound,Forehead circle,Side horns,,,
0721,Volcanion,Volcanion,Ears and top of head,Top of ring,
0722,Rowlet,Rowlet,Bow tie,Top of head,
0723,Dartrix,Dartrix,Bow tie,Leaf hanging over face,
0724,Decidueye,Decidueye,Brown leaves on chest,Brown feather on head,
0725,Litten,Litten,Under chin,Ears,
0726,Torracat,Torracat,Cowlick,Side whiskers,Burning effect: bell
0727,Incineroar,Incineroar,Upper arms,Top of head,Burning effect: belt
0728,Popplio,Popplio,Top of head,Collar,
0729,Brionne,Brionne,Pigtails,Flippers,
0730,Primarina,Primarina,Head decorations,Left flipper,
0731,Pikipek,Pikipek,Head crest,Beak,
0732,Trumbeak,Trumbeak,Head crest,Beak,
0733,Toucannon,Toucannon,Yellow parts of beak,Feet,
0734,Yungoos,Yungoos,Yellow fur on back,Yellow fur on head,
0735,Gumshoos,Gumshoos,Ears,Nose and mouth,
0736,Grubbin,Grubbin,Top of head,Tips of mandibles,
0737,Charjabug,Charjabug,Forehead,Mandibles,
0738,Vikavolt,Vikavolt,Top of carapace,Feet,
0739,Crabrawler,Crabrawler,Tips of antennae,Thumb of pincers,
0740,Crabominable,Crabominable,Antennae,Purple pads on hands,Freezing effect: blue parts of legs and hands
0741,Oricorio,Oricorio,,,
Baile Style,White head ornaments,Feet,,,
0741,Oricorio,Oricorio,,,
Pom-Pom Style,Ends of feathers on the sides of its head,Chest,,,
0741,Oricorio,Oricorio,,,
Pa'u Style,Bottom ring of headdress,Top ring of skirt,,,
0741,Oricorio,Oricorio,,,
Sensu Style,Top edge of fan on head,Beak,,,
0742,Cutiefly,Cutiefly,Top of head,Legs,
0743,Ribombee,Ribombee,Scarf,Antennae,
0744,Rockruff,Rockruff,Neck ruff,Nose/muzzle,
0745,Lycanroc,Lycanroc,,,
Midday Form,Chest,Brown tips of ears,,,
0745,Lycanroc,Lycanroc,,,
Midnight Form,Hands and lower arms,Rock over head,,,
0745,Lycanroc,Lycanroc,,,
Dusk Form,Chest,Brown tips of ears and rock between ears,,,
0746,Wishiwashi,Wishiwashi,Nose (above mouth),Pelvic fins,
0747,Mareanie,Mareanie,Purple parts of head,Body below head,Cutting effect: yellow spike on head
0748,Toxapex,Toxapex,Middle of raised tentacles,Body below head,Cutting effect: yellow spikes
0749,Mudbray,Mudbray,Top of head,Nose,
0750,Mudsdale,Mudsdale,Dreadlocks,Nose,
0751,Dewpider,Dewpider,Neck/chin,Legs,Gooey effect: water bubble
0752,Araquanid,Araquanid,Balls on its knees,Lower legs,Gooey effect: water bubble
0753,Fomantis,Fomantis,Top of head,White tips of arms,
0754,Lurantis,Lurantis,Antennae and green spot on head,Top part of hands,
0755,Morelull,Morelull,Middle pink mushroom,Short white mushroom,
0756,Shiinotic,Shiinotic,Fringe of mushroom,Arms,
0757,Salandit,Salandit,Lower arms,Snout,
0758,Salazzle,Salazzle,Top of head,Shoulders,
0759,Stufful,Stufful,White ring around face,White part of upper ear lobes,
0760,Bewear,Bewear,Ears and white band on head,Nose/muzzle,
0761,Bounsweet,Bounsweet,Edges of leaves,Belly,
0762,Steenee,Steenee,Ends of side leaves,Stem,
0763,Tsareena,Tsareena,Crown,End of front curl of hair,
0764,Comfey,Comfey,Top of head and hair,Red flower in front,
0765,Oranguru,Oranguru,Yellow spot on forehead,Beard,
0766,Passimian,Passimian,Leaves on head,Ball,
0767,Wimpod,Wimpod,"Ends of ""mustaches""",Antennae,
0768,Golisopod,Golisopod,Line of green marks above head,Armor on hands,
0769,Sandygast,Sandygast,Arms,Shovel,
0770,Palossand,Palossand,Tops of side towers,Shovel,
0771,Pyukumuku,Pyukumuku,White mouth,Pink spikes,
0772,Type: Null,Type: Null,Neck,Vanes sticking out around collar,
0773,Silvally,Silvally,Under chin,Ears,
0774,Minior,Minior,Star points/legs,Eye swirls,All forms the same
0775,Komala,Komala,White fur on cheeks,Foot,
0776,Turtonator,Turtonator,Top of head,Stomach hole,
0777,Togedemaru,Togedemaru,Cheeks,Tail,
0778,Mimikyu,Mimikyu,Pikachu cheeks,Bottom edge of costume,
0779,Bruxish,Bruxish,Mouth,Purple part of head protuberance,
0780,Drampa,Drampa,Lower jaw/beard,Neck,
0781,Dhelmise,Dhelmise,Middle of wheel,Eyes,
0782,Jangmo-o,Jangmo-o,Middle of head scale,Scales on sides of body,
0783,Hakamo-o,Hakamo-o,Lower part of head scale,Hand armor,
0784,Kommo-o,Kommo-o,Snout,Shoulders,
0785,Tapu Koko,Tapu Koko,Head crest,Hair on sides of shell,
0786,Tapu Lele,Tapu Lele,White areas on hat,Long strands of hair in front,
0787,Tapu Bulu,Tapu Bulu,Lower bell,Horns,
0788,Tapu Fini,Tapu Fini,Fin-like ends of hair,Black horn,
0789,Cosmog,Cosmog,Yellow fins,Cheeks,
0790,Cosmoem,Cosmoem,Top/bottom of topmost/bottom-most fins,Left and right sides of body,
0791,Solgaleo,Solgaleo,Gold frame around face,Orange pieces in mane,
0792,Lunala,Lunala,Yellow arc around head,Shoulder spikes,
0793,Nihilego,Nihilego,Top of head,Mouth tendrils and shortest front tendrils,
0794,Buzzwole,Buzzwole,Abdomen,Bubbles on shoulders,
0795,Pheromosa,Pheromosa,Top of head,Antennae near head,
0796,Xurkitree,Xurkitree,Head,Tail,
0797,Celesteela,Celesteela,Head horn,Hair pins,
0798,Kartana,Kartana,Upper parts of yellow fans,"Yellow arm ""hilts""",
0799,Guzzlord,Guzzlord,Face and horns*,"Front of lower jaw, on the yellow/blue border",Cutting effect: teeth
0800,Necrozma,Necrozma,Front of helmet,Pillars on back of hands,
0800,Necrozma,Necrozma,,,
Dusk Mane,Beard crystals,Antennae on helmet,,,
0800,Necrozma,Necrozma,,,
Dawn Wings,Short tail crystals,Long crystals behind tail,,,
0801,Magearna,Magearna,Top of head,Shoulders,
0801,Magearna,Magearna,,,
Original Color,Top of head,Shoulders,,,
0802,Marshadow,Marshadow,Collar,Ball on top of head,Haunted effect: three tendrils on top of head
0803,Poipole,Poipole,Bump on forehead,Thorns on head,
0804,Naganadel,Naganadel,Neck,Stingers on abdomen,Cutting effect: tips of stingers
0805,Stakataka,Stakataka,Bottom three dark grey bricks on both sides,Certain light grey bricks*,
0806,Blacephalon,Blacephalon,White orb on torso,Blue and magenta orbs,Haunted effect: head
0807,Zeraora,Zeraora,Ears,Belly,Paralyzing effect: blue fur on the forehead and whiskers
